O0,Gamma,ASM,32x16,1,3989,3989.0000
O0,Gamma,ASM,32x16,1,3590,3590.0000
O0,Gamma,ASM,32x16,1,3520,3520.0000
O0,Gamma,ASM,32x16,1,3150,3150.0000
O0,Gamma,ASM,32x16,1,3029,3029.0000
O0,Gamma,ASM,32x16,1,3221,3221.0000
O0,Gamma,ASM,32x16,1,3102,3102.0000
O0,Gamma,ASM,32x16,1,3128,3128.0000
O0,Gamma,ASM,32x16,1,3009,3009.0000
O0,Gamma,ASM,32x16,1,3199,3199.0000
O0,Gamma,ASM,32x16,1,2922,2922.0000
O0,Gamma,ASM,32x16,1,2856,2856.0000
O0,Gamma,ASM,32x16,1,3106,3106.0000
O0,Gamma,ASM,32x16,1,2853,2853.0000
O0,Gamma,ASM,32x16,1,2848,2848.0000
O0,Gamma,ASM,32x16,1,2774,2774.0000
O0,Gamma,ASM,32x16,1,2905,2905.0000
O0,Gamma,ASM,32x16,1,2953,2953.0000
O0,Gamma,ASM,32x16,1,2945,2945.0000
O0,Gamma,ASM,32x16,1,2502,2502.0000
O0,Gamma,ASM,32x16,1,2609,2609.0000
O0,Gamma,ASM,32x16,1,2529,2529.0000
O0,Gamma,ASM,32x16,1,2655,2655.0000
O0,Gamma,ASM,32x16,1,2593,2593.0000
O0,Gamma,ASM,32x16,1,2621,2621.0000
O0,Gamma,ASM,32x16,1,2515,2515.0000
O0,Gamma,ASM,32x16,1,2684,2684.0000
O0,Gamma,ASM,32x16,1,2651,2651.0000
O0,Gamma,ASM,32x16,1,2619,2619.0000
O0,Gamma,ASM,32x16,1,2643,2643.0000
O0,Gamma,ASM,64x32,1,9719,9719.0000
O0,Gamma,ASM,64x32,1,9653,9653.0000
O0,Gamma,ASM,64x32,1,9733,9733.0000
O0,Gamma,ASM,64x32,1,9408,9408.0000
O0,Gamma,ASM,64x32,1,9746,9746.0000
O0,Gamma,ASM,64x32,1,9506,9506.0000
O0,Gamma,ASM,64x32,1,9470,9470.0000
O0,Gamma,ASM,64x32,1,9443,9443.0000
O0,Gamma,ASM,64x32,1,14624,14624.0000
O0,Gamma,ASM,64x32,1,9749,9749.0000
O0,Gamma,ASM,64x32,1,9263,9263.0000
O0,Gamma,ASM,64x32,1,9391,9391.0000
O0,Gamma,ASM,64x32,1,9296,9296.0000
O0,Gamma,ASM,64x32,1,9367,9367.0000
O0,Gamma,ASM,64x32,1,9647,9647.0000
O0,Gamma,ASM,64x32,1,9378,9378.0000
O0,Gamma,ASM,64x32,1,14523,14523.0000
O0,Gamma,ASM,64x32,1,9430,9430.0000
O0,Gamma,ASM,64x32,1,9499,9499.0000
O0,Gamma,ASM,64x32,1,9337,9337.0000
O0,Gamma,ASM,64x32,1,9671,9671.0000
O0,Gamma,ASM,64x32,1,9659,9659.0000
O0,Gamma,ASM,64x32,1,9454,9454.0000
O0,Gamma,ASM,64x32,1,9414,9414.0000
O0,Gamma,ASM,64x32,1,9401,9401.0000
O0,Gamma,ASM,64x32,1,9458,9458.0000
O0,Gamma,ASM,64x32,1,9391,9391.0000
O0,Gamma,ASM,64x32,1,9724,9724.0000
O0,Gamma,ASM,64x32,1,9641,9641.0000
O0,Gamma,ASM,64x32,1,9675,9675.0000
O0,Gamma,ASM,128x64,1,46232,46232.0000
O0,Gamma,ASM,128x64,1,39685,39685.0000
O0,Gamma,ASM,128x64,1,39594,39594.0000
O0,Gamma,ASM,128x64,1,39600,39600.0000
O0,Gamma,ASM,128x64,1,39494,39494.0000
O0,Gamma,ASM,128x64,1,39463,39463.0000
O0,Gamma,ASM,128x64,1,39538,39538.0000
O0,Gamma,ASM,128x64,1,40252,40252.0000
O0,Gamma,ASM,128x64,1,39607,39607.0000
O0,Gamma,ASM,128x64,1,40093,40093.0000
O0,Gamma,ASM,128x64,1,38634,38634.0000
O0,Gamma,ASM,128x64,1,39597,39597.0000
O0,Gamma,ASM,128x64,1,40115,40115.0000
O0,Gamma,ASM,128x64,1,58999,58999.0000
O0,Gamma,ASM,128x64,1,41141,41141.0000
O0,Gamma,ASM,128x64,1,59810,59810.0000
O0,Gamma,ASM,128x64,1,48313,48313.0000
O0,Gamma,ASM,128x64,1,39977,39977.0000
O0,Gamma,ASM,128x64,1,40164,40164.0000
O0,Gamma,ASM,128x64,1,39584,39584.0000
O0,Gamma,ASM,128x64,1,39626,39626.0000
O0,Gamma,ASM,128x64,1,39650,39650.0000
O0,Gamma,ASM,128x64,1,39482,39482.0000
O0,Gamma,ASM,128x64,1,39598,39598.0000
O0,Gamma,ASM,128x64,1,39633,39633.0000
O0,Gamma,ASM,128x64,1,40021,40021.0000
O0,Gamma,ASM,128x64,1,39540,39540.0000
O0,Gamma,ASM,128x64,1,40099,40099.0000
O0,Gamma,ASM,128x64,1,38899,38899.0000
O0,Gamma,ASM,128x64,1,38703,38703.0000
O0,Gamma,ASM,256x128,1,146053,146053.0000
O0,Gamma,ASM,256x128,1,145207,145207.0000
O0,Gamma,ASM,256x128,1,150569,150569.0000
O0,Gamma,ASM,256x128,1,150926,150926.0000
O0,Gamma,ASM,256x128,1,147662,147662.0000
O0,Gamma,ASM,256x128,1,150383,150383.0000
O0,Gamma,ASM,256x128,1,147766,147766.0000
O0,Gamma,ASM,256x128,1,147605,147605.0000
O0,Gamma,ASM,256x128,1,150448,150448.0000
O0,Gamma,ASM,256x128,1,150087,150087.0000
O0,Gamma,ASM,256x128,1,153793,153793.0000
O0,Gamma,ASM,256x128,1,147724,147724.0000
O0,Gamma,ASM,256x128,1,150377,150377.0000
O0,Gamma,ASM,256x128,1,150319,150319.0000
O0,Gamma,ASM,256x128,1,152087,152087.0000
O0,Gamma,ASM,256x128,1,150259,150259.0000
O0,Gamma,ASM,256x128,1,150327,150327.0000
O0,Gamma,ASM,256x128,1,150272,150272.0000
O0,Gamma,ASM,256x128,1,150238,150238.0000
O0,Gamma,ASM,256x128,1,150301,150301.0000
O0,Gamma,ASM,256x128,1,150592,150592.0000
O0,Gamma,ASM,256x128,1,152346,152346.0000
O0,Gamma,ASM,256x128,1,156408,156408.0000
O0,Gamma,ASM,256x128,1,148473,148473.0000
O0,Gamma,ASM,256x128,1,150796,150796.0000
O0,Gamma,ASM,256x128,1,145946,145946.0000
O0,Gamma,ASM,256x128,1,151519,151519.0000
O0,Gamma,ASM,256x128,1,154742,154742.0000
O0,Gamma,ASM,256x128,1,231744,231744.0000
O0,Gamma,ASM,256x128,1,151536,151536.0000
O0,Gamma,ASM,400x300,1,576965,576965.0000
O0,Gamma,ASM,400x300,1,563568,563568.0000
O0,Gamma,ASM,400x300,1,563987,563987.0000
O0,Gamma,ASM,400x300,1,563329,563329.0000
O0,Gamma,ASM,400x300,1,562770,562770.0000
O0,Gamma,ASM,400x300,1,579236,579236.0000
O0,Gamma,ASM,400x300,1,563281,563281.0000
O0,Gamma,ASM,400x300,1,546529,546529.0000
O0,Gamma,ASM,400x300,1,577102,577102.0000
O0,Gamma,ASM,400x300,1,571415,571415.0000
O0,Gamma,ASM,400x300,1,564536,564536.0000
O0,Gamma,ASM,400x300,1,629026,629026.0000
O0,Gamma,ASM,400x300,1,558767,558767.0000
O0,Gamma,ASM,400x300,1,552443,552443.0000
O0,Gamma,ASM,400x300,1,573536,573536.0000
O0,Gamma,ASM,400x300,1,556990,556990.0000
O0,Gamma,ASM,400x300,1,552578,552578.0000
O0,Gamma,ASM,400x300,1,555452,555452.0000
O0,Gamma,ASM,400x300,1,560829,560829.0000
O0,Gamma,ASM,400x300,1,558822,558822.0000
O0,Gamma,ASM,400x300,1,929346,929346.0000
O0,Gamma,ASM,400x300,1,571946,571946.0000
O0,Gamma,ASM,400x300,1,904740,904740.0000
O0,Gamma,ASM,400x300,1,566748,566748.0000
O0,Gamma,ASM,400x300,1,565632,565632.0000
O0,Gamma,ASM,400x300,1,663793,663793.0000
O0,Gamma,ASM,400x300,1,600461,600461.0000
O0,Gamma,ASM,400x300,1,563639,563639.0000
O0,Gamma,ASM,400x300,1,580848,580848.0000
O0,Gamma,ASM,400x300,1,556440,556440.0000
O0,Gamma,ASM,512x256,1,608061,608061.0000
O0,Gamma,ASM,512x256,1,620047,620047.0000
O0,Gamma,ASM,512x256,1,615817,615817.0000
O0,Gamma,ASM,512x256,1,612744,612744.0000
O0,Gamma,ASM,512x256,1,620910,620910.0000
O0,Gamma,ASM,512x256,1,621023,621023.0000
O0,Gamma,ASM,512x256,1,614212,614212.0000
O0,Gamma,ASM,512x256,1,621017,621017.0000
O0,Gamma,ASM,512x256,1,621761,621761.0000
O0,Gamma,ASM,512x256,1,622590,622590.0000
O0,Gamma,ASM,512x256,1,615268,615268.0000
O0,Gamma,ASM,512x256,1,608712,608712.0000
O0,Gamma,ASM,512x256,1,650912,650912.0000
O0,Gamma,ASM,512x256,1,615081,615081.0000
O0,Gamma,ASM,512x256,1,684286,684286.0000
O0,Gamma,ASM,512x256,1,590863,590863.0000
O0,Gamma,ASM,512x256,1,610793,610793.0000
O0,Gamma,ASM,512x256,1,607861,607861.0000
O0,Gamma,ASM,512x256,1,610535,610535.0000
O0,Gamma,ASM,512x256,1,600046,600046.0000
O0,Gamma,ASM,512x256,1,634731,634731.0000
O0,Gamma,ASM,512x256,1,621672,621672.0000
O0,Gamma,ASM,512x256,1,618440,618440.0000
O0,Gamma,ASM,512x256,1,612193,612193.0000
O0,Gamma,ASM,512x256,1,613015,613015.0000
O0,Gamma,ASM,512x256,1,681214,681214.0000
O0,Gamma,ASM,512x256,1,614852,614852.0000
O0,Gamma,ASM,512x256,1,604462,604462.0000
O0,Gamma,ASM,512x256,1,609744,609744.0000
O0,Gamma,ASM,512x256,1,599494,599494.0000
O0,Gamma,ASM,800x600,1,2317950,2317950.0000
O0,Gamma,ASM,800x600,1,2568251,2568251.0000
O0,Gamma,ASM,800x600,1,2797644,2797644.0000
O0,Gamma,ASM,800x600,1,2719766,2719766.0000
O0,Gamma,ASM,800x600,1,3466287,3466287.0000
O0,Gamma,ASM,800x600,1,2341236,2341236.0000
O0,Gamma,ASM,800x600,1,2347531,2347531.0000
O0,Gamma,ASM,800x600,1,2310235,2310235.0000
O0,Gamma,ASM,800x600,1,2315612,2315612.0000
O0,Gamma,ASM,800x600,1,2246079,2246079.0000
O0,Gamma,ASM,800x600,1,2240075,2240075.0000
O0,Gamma,ASM,800x600,1,2385103,2385103.0000
O0,Gamma,ASM,800x600,1,3509396,3509396.0000
O0,Gamma,ASM,800x600,1,2303386,2303386.0000
O0,Gamma,ASM,800x600,1,2292737,2292737.0000
O0,Gamma,ASM,800x600,1,3378349,3378349.0000
O0,Gamma,ASM,800x600,1,2325563,2325563.0000
O0,Gamma,ASM,800x600,1,2317271,2317271.0000
O0,Gamma,ASM,800x600,1,2297875,2297875.0000
O0,Gamma,ASM,800x600,1,2323234,2323234.0000
O0,Gamma,ASM,800x600,1,2323262,2323262.0000
O0,Gamma,ASM,800x600,1,2320496,2320496.0000
O0,Gamma,ASM,800x600,1,2329232,2329232.0000
O0,Gamma,ASM,800x600,1,2320995,2320995.0000
O0,Gamma,ASM,800x600,1,2296112,2296112.0000
O0,Gamma,ASM,800x600,1,2343073,2343073.0000
O0,Gamma,ASM,800x600,1,2320991,2320991.0000
O0,Gamma,ASM,800x600,1,2325416,2325416.0000
O0,Gamma,ASM,800x600,1,2292712,2292712.0000
O0,Gamma,ASM,800x600,1,3880116,3880116.0000
O0,Gamma,ASM,1600x1200,1,9295714,9295714.0000
O0,Gamma,ASM,1600x1200,1,13883635,13883635.0000
O0,Gamma,ASM,1600x1200,1,9281200,9281200.0000
O0,Gamma,ASM,1600x1200,1,9097554,9097554.0000
O0,Gamma,ASM,1600x1200,1,9270122,9270122.0000
O0,Gamma,ASM,1600x1200,1,9255998,9255998.0000
O0,Gamma,ASM,1600x1200,1,9259990,9259990.0000
O0,Gamma,ASM,1600x1200,1,9244078,9244078.0000
O0,Gamma,ASM,1600x1200,1,9287687,9287687.0000
O0,Gamma,ASM,1600x1200,1,9259244,9259244.0000
O0,Gamma,ASM,1600x1200,1,9257436,9257436.0000
O0,Gamma,ASM,1600x1200,1,9290868,9290868.0000
O0,Gamma,ASM,1600x1200,1,9315272,9315272.0000
O0,Gamma,ASM,1600x1200,1,9151067,9151067.0000
O0,Gamma,ASM,1600x1200,1,9313635,9313635.0000
O0,Gamma,ASM,1600x1200,1,8997717,8997717.0000
O0,Gamma,ASM,1600x1200,1,9267071,9267071.0000
O0,Gamma,ASM,1600x1200,1,9310130,9310130.0000
O0,Gamma,ASM,1600x1200,1,9246931,9246931.0000
O0,Gamma,ASM,1600x1200,1,9251234,9251234.0000
O0,Gamma,ASM,1600x1200,1,14953581,14953581.0000
O0,Gamma,ASM,1600x1200,1,9501595,9501595.0000
O0,Gamma,ASM,1600x1200,1,10085017,10085017.0000
O0,Gamma,ASM,1600x1200,1,9273944,9273944.0000
O0,Gamma,ASM,1600x1200,1,13880859,13880859.0000
O0,Gamma,ASM,1600x1200,1,9249671,9249671.0000
O0,Gamma,ASM,1600x1200,1,9545037,9545037.0000
O0,Gamma,ASM,1600x1200,1,9393875,9393875.0000
O0,Gamma,ASM,1600x1200,1,9303811,9303811.0000
O0,Gamma,ASM,1600x1200,1,9278423,9278423.0000
O0,Gamma,C,32x16,1,61542,61542.0000
O0,Gamma,C,32x16,1,60423,60423.0000
O0,Gamma,C,32x16,1,60640,60640.0000
O0,Gamma,C,32x16,1,60540,60540.0000
O0,Gamma,C,32x16,1,60421,60421.0000
O0,Gamma,C,32x16,1,60467,60467.0000
O0,Gamma,C,32x16,1,60499,60499.0000
O0,Gamma,C,32x16,1,60117,60117.0000
O0,Gamma,C,32x16,1,60214,60214.0000
O0,Gamma,C,32x16,1,60184,60184.0000
O0,Gamma,C,32x16,1,60472,60472.0000
O0,Gamma,C,32x16,1,60147,60147.0000
O0,Gamma,C,32x16,1,60765,60765.0000
O0,Gamma,C,32x16,1,60130,60130.0000
O0,Gamma,C,32x16,1,60293,60293.0000
O0,Gamma,C,32x16,1,60200,60200.0000
O0,Gamma,C,32x16,1,60236,60236.0000
O0,Gamma,C,32x16,1,65808,65808.0000
O0,Gamma,C,32x16,1,60327,60327.0000
O0,Gamma,C,32x16,1,60142,60142.0000
O0,Gamma,C,32x16,1,60039,60039.0000
O0,Gamma,C,32x16,1,60242,60242.0000
O0,Gamma,C,32x16,1,60053,60053.0000
O0,Gamma,C,32x16,1,60047,60047.0000
O0,Gamma,C,32x16,1,60168,60168.0000
O0,Gamma,C,32x16,1,60146,60146.0000
O0,Gamma,C,32x16,1,60514,60514.0000
O0,Gamma,C,32x16,1,60138,60138.0000
O0,Gamma,C,32x16,1,60298,60298.0000
O0,Gamma,C,32x16,1,60375,60375.0000
O0,Gamma,C,64x32,1,237709,237709.0000
O0,Gamma,C,64x32,1,237183,237183.0000
O0,Gamma,C,64x32,1,267772,267772.0000
O0,Gamma,C,64x32,1,237280,237280.0000
O0,Gamma,C,64x32,1,237111,237111.0000
O0,Gamma,C,64x32,1,237133,237133.0000
O0,Gamma,C,64x32,1,237085,237085.0000
O0,Gamma,C,64x32,1,237517,237517.0000
O0,Gamma,C,64x32,1,237069,237069.0000
O0,Gamma,C,64x32,1,251280,251280.0000
O0,Gamma,C,64x32,1,237193,237193.0000
O0,Gamma,C,64x32,1,237839,237839.0000
O0,Gamma,C,64x32,1,237175,237175.0000
O0,Gamma,C,64x32,1,237300,237300.0000
O0,Gamma,C,64x32,1,261048,261048.0000
O0,Gamma,C,64x32,1,237535,237535.0000
O0,Gamma,C,64x32,1,237127,237127.0000
O0,Gamma,C,64x32,1,237121,237121.0000
O0,Gamma,C,64x32,1,237338,237338.0000
O0,Gamma,C,64x32,1,237053,237053.0000
O0,Gamma,C,64x32,1,259619,259619.0000
O0,Gamma,C,64x32,1,237441,237441.0000
O0,Gamma,C,64x32,1,237129,237129.0000
O0,Gamma,C,64x32,1,237268,237268.0000
O0,Gamma,C,64x32,1,237518,237518.0000
O0,Gamma,C,64x32,1,237150,237150.0000
O0,Gamma,C,64x32,1,265024,265024.0000
O0,Gamma,C,64x32,1,237059,237059.0000
O0,Gamma,C,64x32,1,237185,237185.0000
O0,Gamma,C,64x32,1,237319,237319.0000
O0,Gamma,C,128x64,1,946603,946603.0000
O0,Gamma,C,128x64,1,971354,971354.0000
O0,Gamma,C,128x64,1,945744,945744.0000
O0,Gamma,C,128x64,1,945529,945529.0000
O0,Gamma,C,128x64,1,945407,945407.0000
O0,Gamma,C,128x64,1,945240,945240.0000
O0,Gamma,C,128x64,1,945625,945625.0000
O0,Gamma,C,128x64,1,945268,945268.0000
O0,Gamma,C,128x64,1,945219,945219.0000
O0,Gamma,C,128x64,1,945403,945403.0000
O0,Gamma,C,128x64,1,945472,945472.0000
O0,Gamma,C,128x64,1,945324,945324.0000
O0,Gamma,C,128x64,1,979831,979831.0000
O0,Gamma,C,128x64,1,945462,945462.0000
O0,Gamma,C,128x64,1,945503,945503.0000
O0,Gamma,C,128x64,1,945515,945515.0000
O0,Gamma,C,128x64,1,945991,945991.0000
O0,Gamma,C,128x64,1,955619,955619.0000
O0,Gamma,C,128x64,1,951602,951602.0000
O0,Gamma,C,128x64,1,1014605,1014605.0000
O0,Gamma,C,128x64,1,952549,952549.0000
O0,Gamma,C,128x64,1,951600,951600.0000
O0,Gamma,C,128x64,1,945925,945925.0000
O0,Gamma,C,128x64,1,945763,945763.0000
O0,Gamma,C,128x64,1,945728,945728.0000
O0,Gamma,C,128x64,1,945145,945145.0000
O0,Gamma,C,128x64,1,945698,945698.0000
O0,Gamma,C,128x64,1,945054,945054.0000
O0,Gamma,C,128x64,1,945332,945332.0000
O0,Gamma,C,128x64,1,945324,945324.0000
O0,Gamma,C,256x128,1,3782234,3782234.0000
O0,Gamma,C,256x128,1,3809100,3809100.0000
O0,Gamma,C,256x128,1,3782989,3782989.0000
O0,Gamma,C,256x128,1,3778049,3778049.0000
O0,Gamma,C,256x128,1,3783598,3783598.0000
O0,Gamma,C,256x128,1,3779274,3779274.0000
O0,Gamma,C,256x128,1,3777526,3777526.0000
O0,Gamma,C,256x128,1,3781245,3781245.0000
O0,Gamma,C,256x128,1,3801197,3801197.0000
O0,Gamma,C,256x128,1,3777017,3777017.0000
O0,Gamma,C,256x128,1,3778535,3778535.0000
O0,Gamma,C,256x128,1,3778160,3778160.0000
O0,Gamma,C,256x128,1,3814316,3814316.0000
O0,Gamma,C,256x128,1,3778849,3778849.0000
O0,Gamma,C,256x128,1,3777126,3777126.0000
O0,Gamma,C,256x128,1,3802006,3802006.0000
O0,Gamma,C,256x128,1,3778324,3778324.0000
O0,Gamma,C,256x128,1,3778767,3778767.0000
O0,Gamma,C,256x128,1,3778234,3778234.0000
O0,Gamma,C,256x128,1,3798896,3798896.0000
O0,Gamma,C,256x128,1,3776564,3776564.0000
O0,Gamma,C,256x128,1,3776731,3776731.0000
O0,Gamma,C,256x128,1,3800236,3800236.0000
O0,Gamma,C,256x128,1,3795249,3795249.0000
O0,Gamma,C,256x128,1,3777717,3777717.0000
O0,Gamma,C,256x128,1,3845951,3845951.0000
O0,Gamma,C,256x128,1,3778912,3778912.0000
O0,Gamma,C,256x128,1,3781499,3781499.0000
O0,Gamma,C,256x128,1,3776789,3776789.0000
O0,Gamma,C,256x128,1,3776951,3776951.0000
O0,Gamma,C,400x300,1,13841973,13841973.0000
O0,Gamma,C,400x300,1,13918903,13918903.0000
O0,Gamma,C,400x300,1,13906313,13906313.0000
O0,Gamma,C,400x300,1,13855510,13855510.0000
O0,Gamma,C,400x300,1,13844234,13844234.0000
O0,Gamma,C,400x300,1,13879571,13879571.0000
O0,Gamma,C,400x300,1,14016430,14016430.0000
O0,Gamma,C,400x300,1,13846127,13846127.0000
O0,Gamma,C,400x300,1,13935116,13935116.0000
O0,Gamma,C,400x300,1,13929576,13929576.0000
O0,Gamma,C,400x300,1,13923544,13923544.0000
O0,Gamma,C,400x300,1,13941970,13941970.0000
O0,Gamma,C,400x300,1,13854052,13854052.0000
O0,Gamma,C,400x300,1,13886201,13886201.0000
O0,Gamma,C,400x300,1,13948226,13948226.0000
O0,Gamma,C,400x300,1,14502680,14502680.0000
O0,Gamma,C,400x300,1,13970408,13970408.0000
O0,Gamma,C,400x300,1,13846168,13846168.0000
O0,Gamma,C,400x300,1,13861197,13861197.0000
O0,Gamma,C,400x300,1,13875682,13875682.0000
O0,Gamma,C,400x300,1,13836554,13836554.0000
O0,Gamma,C,400x300,1,13963195,13963195.0000
O0,Gamma,C,400x300,1,13873310,13873310.0000
O0,Gamma,C,400x300,1,13941029,13941029.0000
O0,Gamma,C,400x300,1,13836361,13836361.0000
O0,Gamma,C,400x300,1,13853760,13853760.0000
O0,Gamma,C,400x300,1,13853183,13853183.0000
O0,Gamma,C,400x300,1,13846501,13846501.0000
O0,Gamma,C,400x300,1,13862269,13862269.0000
O0,Gamma,C,400x300,1,13831387,13831387.0000
O0,Gamma,C,512x256,1,15185013,15185013.0000
O0,Gamma,C,512x256,1,15170061,15170061.0000
O0,Gamma,C,512x256,1,15270579,15270579.0000
O0,Gamma,C,512x256,1,15158030,15158030.0000
O0,Gamma,C,512x256,1,15295159,15295159.0000
O0,Gamma,C,512x256,1,15514742,15514742.0000
O0,Gamma,C,512x256,1,15140531,15140531.0000
O0,Gamma,C,512x256,1,15243131,15243131.0000
O0,Gamma,C,512x256,1,15141314,15141314.0000
O0,Gamma,C,512x256,1,15123462,15123462.0000
O0,Gamma,C,512x256,1,15115785,15115785.0000
O0,Gamma,C,512x256,1,15132234,15132234.0000
O0,Gamma,C,512x256,1,15139819,15139819.0000
O0,Gamma,C,512x256,1,15170795,15170795.0000
O0,Gamma,C,512x256,1,15154535,15154535.0000
O0,Gamma,C,512x256,1,15228897,15228897.0000
O0,Gamma,C,512x256,1,15181201,15181201.0000
O0,Gamma,C,512x256,1,15192472,15192472.0000
O0,Gamma,C,512x256,1,15202397,15202397.0000
O0,Gamma,C,512x256,1,15161179,15161179.0000
O0,Gamma,C,512x256,1,15157764,15157764.0000
O0,Gamma,C,512x256,1,15186122,15186122.0000
O0,Gamma,C,512x256,1,15248420,15248420.0000
O0,Gamma,C,512x256,1,15167992,15167992.0000
O0,Gamma,C,512x256,1,15139658,15139658.0000
O0,Gamma,C,512x256,1,15420085,15420085.0000
O0,Gamma,C,512x256,1,15151605,15151605.0000
O0,Gamma,C,512x256,1,15325619,15325619.0000
O0,Gamma,C,512x256,1,15216843,15216843.0000
O0,Gamma,C,512x256,1,15168875,15168875.0000
O0,Gamma,C,800x600,1,55703462,55703462.0000
O0,Gamma,C,800x600,1,55689075,55689075.0000
O0,Gamma,C,800x600,1,56990335,56990335.0000
O0,Gamma,C,800x600,1,55610126,55610126.0000
O0,Gamma,C,800x600,1,55475443,55475443.0000
O0,Gamma,C,800x600,1,55420505,55420505.0000
O0,Gamma,C,800x600,1,55409935,55409935.0000
O0,Gamma,C,800x600,1,55461288,55461288.0000
O0,Gamma,C,800x600,1,55408548,55408548.0000
O0,Gamma,C,800x600,1,55504728,55504728.0000
O0,Gamma,C,800x600,1,55548080,55548080.0000
O0,Gamma,C,800x600,1,55482505,55482505.0000
O0,Gamma,C,800x600,1,55578165,55578165.0000
O0,Gamma,C,800x600,1,63407974,63407974.0000
O0,Gamma,C,800x600,1,55466956,55466956.0000
O0,Gamma,C,800x600,1,55519724,55519724.0000
O0,Gamma,C,800x600,1,55433646,55433646.0000
O0,Gamma,C,800x600,1,55459755,55459755.0000
O0,Gamma,C,800x600,1,55471834,55471834.0000
O0,Gamma,C,800x600,1,55571663,55571663.0000
O0,Gamma,C,800x600,1,55423350,55423350.0000
O0,Gamma,C,800x600,1,55494698,55494698.0000
O0,Gamma,C,800x600,1,55653531,55653531.0000
O0,Gamma,C,800x600,1,55507110,55507110.0000
O0,Gamma,C,800x600,1,55580549,55580549.0000
O0,Gamma,C,800x600,1,55598170,55598170.0000
O0,Gamma,C,800x600,1,55506762,55506762.0000
O0,Gamma,C,800x600,1,55510995,55510995.0000
O0,Gamma,C,800x600,1,55538740,55538740.0000
O0,Gamma,C,800x600,1,55457474,55457474.0000
O0,Gamma,C,1600x1200,1,223133044,223133044.0000
O0,Gamma,C,1600x1200,1,221949436,221949436.0000
O0,Gamma,C,1600x1200,1,222148832,222148832.0000
O0,Gamma,C,1600x1200,1,223169518,223169518.0000
O0,Gamma,C,1600x1200,1,221925997,221925997.0000
O0,Gamma,C,1600x1200,1,222348239,222348239.0000
O0,Gamma,C,1600x1200,1,222444105,222444105.0000
O0,Gamma,C,1600x1200,1,223300189,223300189.0000
O0,Gamma,C,1600x1200,1,222090487,222090487.0000
O0,Gamma,C,1600x1200,1,222869164,222869164.0000
O0,Gamma,C,1600x1200,1,222270236,222270236.0000
O0,Gamma,C,1600x1200,1,222728391,222728391.0000
O0,Gamma,C,1600x1200,1,222207131,222207131.0000
O0,Gamma,C,1600x1200,1,225422861,225422861.0000
O0,Gamma,C,1600x1200,1,222974583,222974583.0000
O0,Gamma,C,1600x1200,1,223750524,223750524.0000
O0,Gamma,C,1600x1200,1,223009619,223009619.0000
O0,Gamma,C,1600x1200,1,224253923,224253923.0000
O0,Gamma,C,1600x1200,1,222574157,222574157.0000
O0,Gamma,C,1600x1200,1,226037295,226037295.0000
O0,Gamma,C,1600x1200,1,221899006,221899006.0000
O0,Gamma,C,1600x1200,1,224175781,224175781.0000
O0,Gamma,C,1600x1200,1,222875361,222875361.0000
O0,Gamma,C,1600x1200,1,223020937,223020937.0000
O0,Gamma,C,1600x1200,1,221750459,221750459.0000
O0,Gamma,C,1600x1200,1,222650575,222650575.0000
O0,Gamma,C,1600x1200,1,222088710,222088710.0000
O0,Gamma,C,1600x1200,1,223218915,223218915.0000
O0,Gamma,C,1600x1200,1,222103285,222103285.0000
O0,Gamma,C,1600x1200,1,223079112,223079112.0000
O1,Gamma,C,32x16,1,60061,60061.0000
O1,Gamma,C,32x16,1,59981,59981.0000
O1,Gamma,C,32x16,1,59524,59524.0000
O1,Gamma,C,32x16,1,57190,57190.0000
O1,Gamma,C,32x16,1,59759,59759.0000
O1,Gamma,C,32x16,1,59711,59711.0000
O1,Gamma,C,32x16,1,58940,58940.0000
O1,Gamma,C,32x16,1,57150,57150.0000
O1,Gamma,C,32x16,1,57682,57682.0000
O1,Gamma,C,32x16,1,57328,57328.0000
O1,Gamma,C,32x16,1,57153,57153.0000
O1,Gamma,C,32x16,1,56680,56680.0000
O1,Gamma,C,32x16,1,56748,56748.0000
O1,Gamma,C,32x16,1,67438,67438.0000
O1,Gamma,C,32x16,1,66814,66814.0000
O1,Gamma,C,32x16,1,57133,57133.0000
O1,Gamma,C,32x16,1,57170,57170.0000
O1,Gamma,C,32x16,1,59277,59277.0000
O1,Gamma,C,32x16,1,59305,59305.0000
O1,Gamma,C,32x16,1,56704,56704.0000
O1,Gamma,C,32x16,1,57400,57400.0000
O1,Gamma,C,32x16,1,42445,42445.0000
O1,Gamma,C,32x16,1,42838,42838.0000
O1,Gamma,C,32x16,1,44789,44789.0000
O1,Gamma,C,32x16,1,44486,44486.0000
O1,Gamma,C,32x16,1,35290,35290.0000
O1,Gamma,C,32x16,1,35465,35465.0000
O1,Gamma,C,32x16,1,34525,34525.0000
O1,Gamma,C,32x16,1,34908,34908.0000
O1,Gamma,C,32x16,1,29190,29190.0000
O1,Gamma,C,64x32,1,116516,116516.0000
O1,Gamma,C,64x32,1,115261,115261.0000
O1,Gamma,C,64x32,1,114407,114407.0000
O1,Gamma,C,64x32,1,98512,98512.0000
O1,Gamma,C,64x32,1,99766,99766.0000
O1,Gamma,C,64x32,1,99613,99613.0000
O1,Gamma,C,64x32,1,99285,99285.0000
O1,Gamma,C,64x32,1,182895,182895.0000
O1,Gamma,C,64x32,1,86651,86651.0000
O1,Gamma,C,64x32,1,87041,87041.0000
O1,Gamma,C,64x32,1,98625,98625.0000
O1,Gamma,C,64x32,1,87389,87389.0000
O1,Gamma,C,64x32,1,88813,88813.0000
O1,Gamma,C,64x32,1,76919,76919.0000
O1,Gamma,C,64x32,1,78141,78141.0000
O1,Gamma,C,64x32,1,77772,77772.0000
O1,Gamma,C,64x32,1,78937,78937.0000
O1,Gamma,C,64x32,1,77390,77390.0000
O1,Gamma,C,64x32,1,77580,77580.0000
O1,Gamma,C,64x32,1,129184,129184.0000
O1,Gamma,C,64x32,1,70807,70807.0000
O1,Gamma,C,64x32,1,70698,70698.0000
O1,Gamma,C,64x32,1,70121,70121.0000
O1,Gamma,C,64x32,1,69936,69936.0000
O1,Gamma,C,64x32,1,69722,69722.0000
O1,Gamma,C,64x32,1,69825,69825.0000
O1,Gamma,C,64x32,1,69249,69249.0000
O1,Gamma,C,64x32,1,62312,62312.0000
O1,Gamma,C,64x32,1,63611,63611.0000
O1,Gamma,C,64x32,1,63090,63090.0000
O1,Gamma,C,128x64,1,250479,250479.0000
O1,Gamma,C,128x64,1,244757,244757.0000
O1,Gamma,C,128x64,1,253843,253843.0000
O1,Gamma,C,128x64,1,246973,246973.0000
O1,Gamma,C,128x64,1,248172,248172.0000
O1,Gamma,C,128x64,1,246400,246400.0000
O1,Gamma,C,128x64,1,245827,245827.0000
O1,Gamma,C,128x64,1,240669,240669.0000
O1,Gamma,C,128x64,1,247420,247420.0000
O1,Gamma,C,128x64,1,247418,247418.0000
O1,Gamma,C,128x64,1,244163,244163.0000
O1,Gamma,C,128x64,1,238938,238938.0000
O1,Gamma,C,128x64,1,247550,247550.0000
O1,Gamma,C,128x64,1,249081,249081.0000
O1,Gamma,C,128x64,1,248880,248880.0000
O1,Gamma,C,128x64,1,241749,241749.0000
O1,Gamma,C,128x64,1,244564,244564.0000
O1,Gamma,C,128x64,1,243763,243763.0000
O1,Gamma,C,128x64,1,247311,247311.0000
O1,Gamma,C,128x64,1,249200,249200.0000
O1,Gamma,C,128x64,1,242948,242948.0000
O1,Gamma,C,128x64,1,243567,243567.0000
O1,Gamma,C,128x64,1,244266,244266.0000
O1,Gamma,C,128x64,1,243469,243469.0000
O1,Gamma,C,128x64,1,240473,240473.0000
O1,Gamma,C,128x64,1,243787,243787.0000
O1,Gamma,C,128x64,1,238129,238129.0000
O1,Gamma,C,128x64,1,246523,246523.0000
O1,Gamma,C,128x64,1,241182,241182.0000
O1,Gamma,C,128x64,1,245286,245286.0000
O1,Gamma,C,256x128,1,1093136,1093136.0000
O1,Gamma,C,256x128,1,977552,977552.0000
O1,Gamma,C,256x128,1,987682,987682.0000
O1,Gamma,C,256x128,1,978081,978081.0000
O1,Gamma,C,256x128,1,1022615,1022615.0000
O1,Gamma,C,256x128,1,959816,959816.0000
O1,Gamma,C,256x128,1,990616,990616.0000
O1,Gamma,C,256x128,1,973489,973489.0000
O1,Gamma,C,256x128,1,1095540,1095540.0000
O1,Gamma,C,256x128,1,978111,978111.0000
O1,Gamma,C,256x128,1,982012,982012.0000
O1,Gamma,C,256x128,1,983025,983025.0000
O1,Gamma,C,256x128,1,983961,983961.0000
O1,Gamma,C,256x128,1,1057812,1057812.0000
O1,Gamma,C,256x128,1,990315,990315.0000
O1,Gamma,C,256x128,1,1008060,1008060.0000
O1,Gamma,C,256x128,1,981652,981652.0000
O1,Gamma,C,256x128,1,984802,984802.0000
O1,Gamma,C,256x128,1,986561,986561.0000
O1,Gamma,C,256x128,1,984976,984976.0000
O1,Gamma,C,256x128,1,991847,991847.0000
O1,Gamma,C,256x128,1,998312,998312.0000
O1,Gamma,C,256x128,1,986789,986789.0000
O1,Gamma,C,256x128,1,978532,978532.0000
O1,Gamma,C,256x128,1,1057819,1057819.0000
O1,Gamma,C,256x128,1,986111,986111.0000
O1,Gamma,C,256x128,1,986980,986980.0000
O1,Gamma,C,256x128,1,977075,977075.0000
O1,Gamma,C,256x128,1,982180,982180.0000
O1,Gamma,C,256x128,1,984125,984125.0000
O1,Gamma,C,400x300,1,3704201,3704201.0000
O1,Gamma,C,400x300,1,3660780,3660780.0000
O1,Gamma,C,400x300,1,3632481,3632481.0000
O1,Gamma,C,400x300,1,3681403,3681403.0000
O1,Gamma,C,400x300,1,3652280,3652280.0000
O1,Gamma,C,400x300,1,3630685,3630685.0000
O1,Gamma,C,400x300,1,3652089,3652089.0000
O1,Gamma,C,400x300,1,3662287,3662287.0000
O1,Gamma,C,400x300,1,3680789,3680789.0000
O1,Gamma,C,400x300,1,3638805,3638805.0000
O1,Gamma,C,400x300,1,3679399,3679399.0000
O1,Gamma,C,400x300,1,3665934,3665934.0000
O1,Gamma,C,400x300,1,3626552,3626552.0000
O1,Gamma,C,400x300,1,3641004,3641004.0000
O1,Gamma,C,400x300,1,3618899,3618899.0000
O1,Gamma,C,400x300,1,3648772,3648772.0000
O1,Gamma,C,400x300,1,3643210,3643210.0000
O1,Gamma,C,400x300,1,3638485,3638485.0000
O1,Gamma,C,400x300,1,3705700,3705700.0000
O1,Gamma,C,400x300,1,3649104,3649104.0000
O1,Gamma,C,400x300,1,3655993,3655993.0000
O1,Gamma,C,400x300,1,3638570,3638570.0000
O1,Gamma,C,400x300,1,3610178,3610178.0000
O1,Gamma,C,400x300,1,3619239,3619239.0000
O1,Gamma,C,400x300,1,3568063,3568063.0000
O1,Gamma,C,400x300,1,3578551,3578551.0000
O1,Gamma,C,400x300,1,3612787,3612787.0000
O1,Gamma,C,400x300,1,4035629,4035629.0000
O1,Gamma,C,400x300,1,3969201,3969201.0000
O1,Gamma,C,400x300,1,3649421,3649421.0000
O1,Gamma,C,512x256,1,4016798,4016798.0000
O1,Gamma,C,512x256,1,3986766,3986766.0000
O1,Gamma,C,512x256,1,4002864,4002864.0000
O1,Gamma,C,512x256,1,3992408,3992408.0000
O1,Gamma,C,512x256,1,4026271,4026271.0000
O1,Gamma,C,512x256,1,3988704,3988704.0000
O1,Gamma,C,512x256,1,3977543,3977543.0000
O1,Gamma,C,512x256,1,3975046,3975046.0000
O1,Gamma,C,512x256,1,3986952,3986952.0000
O1,Gamma,C,512x256,1,3990780,3990780.0000
O1,Gamma,C,512x256,1,3984724,3984724.0000
O1,Gamma,C,512x256,1,4023948,4023948.0000
O1,Gamma,C,512x256,1,4012975,4012975.0000
O1,Gamma,C,512x256,1,4146553,4146553.0000
O1,Gamma,C,512x256,1,3976630,3976630.0000
O1,Gamma,C,512x256,1,4517734,4517734.0000
O1,Gamma,C,512x256,1,3978930,3978930.0000
O1,Gamma,C,512x256,1,3901224,3901224.0000
O1,Gamma,C,512x256,1,4001060,4001060.0000
O1,Gamma,C,512x256,1,4003165,4003165.0000
O1,Gamma,C,512x256,1,4064569,4064569.0000
O1,Gamma,C,512x256,1,4002596,4002596.0000
O1,Gamma,C,512x256,1,4013707,4013707.0000
O1,Gamma,C,512x256,1,4023077,4023077.0000
O1,Gamma,C,512x256,1,4009365,4009365.0000
O1,Gamma,C,512x256,1,3894679,3894679.0000
O1,Gamma,C,512x256,1,4015663,4015663.0000
O1,Gamma,C,512x256,1,4012132,4012132.0000
O1,Gamma,C,512x256,1,3966073,3966073.0000
O1,Gamma,C,512x256,1,3915205,3915205.0000
O1,Gamma,C,800x600,1,15503063,15503063.0000
O1,Gamma,C,800x600,1,14613847,14613847.0000
O1,Gamma,C,800x600,1,14965421,14965421.0000
O1,Gamma,C,800x600,1,14746882,14746882.0000
O1,Gamma,C,800x600,1,14777342,14777342.0000
O1,Gamma,C,800x600,1,14720893,14720893.0000
O1,Gamma,C,800x600,1,14786758,14786758.0000
O1,Gamma,C,800x600,1,14537185,14537185.0000
O1,Gamma,C,800x600,1,14628345,14628345.0000
O1,Gamma,C,800x600,1,14642626,14642626.0000
O1,Gamma,C,800x600,1,14721572,14721572.0000
O1,Gamma,C,800x600,1,14664147,14664147.0000
O1,Gamma,C,800x600,1,14679034,14679034.0000
O1,Gamma,C,800x600,1,14735159,14735159.0000
O1,Gamma,C,800x600,1,14914319,14914319.0000
O1,Gamma,C,800x600,1,14689291,14689291.0000
O1,Gamma,C,800x600,1,14722837,14722837.0000
O1,Gamma,C,800x600,1,15740146,15740146.0000
O1,Gamma,C,800x600,1,14672899,14672899.0000
O1,Gamma,C,800x600,1,14671862,14671862.0000
O1,Gamma,C,800x600,1,14737429,14737429.0000
O1,Gamma,C,800x600,1,14552876,14552876.0000
O1,Gamma,C,800x600,1,14693636,14693636.0000
O1,Gamma,C,800x600,1,14748529,14748529.0000
O1,Gamma,C,800x600,1,14799257,14799257.0000
O1,Gamma,C,800x600,1,14698057,14698057.0000
O1,Gamma,C,800x600,1,14662522,14662522.0000
O1,Gamma,C,800x600,1,14744528,14744528.0000
O1,Gamma,C,800x600,1,14720741,14720741.0000
O1,Gamma,C,800x600,1,14750810,14750810.0000
O1,Gamma,C,1600x1200,1,59152973,59152973.0000
O1,Gamma,C,1600x1200,1,58752734,58752734.0000
O1,Gamma,C,1600x1200,1,58678403,58678403.0000
O1,Gamma,C,1600x1200,1,58546907,58546907.0000
O1,Gamma,C,1600x1200,1,58938342,58938342.0000
O1,Gamma,C,1600x1200,1,59020248,59020248.0000
O1,Gamma,C,1600x1200,1,58896977,58896977.0000
O1,Gamma,C,1600x1200,1,58574646,58574646.0000
O1,Gamma,C,1600x1200,1,58846359,58846359.0000
O1,Gamma,C,1600x1200,1,58840927,58840927.0000
O1,Gamma,C,1600x1200,1,58850092,58850092.0000
O1,Gamma,C,1600x1200,1,58655563,58655563.0000
O1,Gamma,C,1600x1200,1,59022459,59022459.0000
O1,Gamma,C,1600x1200,1,59018511,59018511.0000
O1,Gamma,C,1600x1200,1,59019579,59019579.0000
O1,Gamma,C,1600x1200,1,57713523,57713523.0000
O1,Gamma,C,1600x1200,1,58718520,58718520.0000
O1,Gamma,C,1600x1200,1,58826900,58826900.0000
O1,Gamma,C,1600x1200,1,58781232,58781232.0000
O1,Gamma,C,1600x1200,1,59296205,59296205.0000
O1,Gamma,C,1600x1200,1,62496847,62496847.0000
O1,Gamma,C,1600x1200,1,63132694,63132694.0000
O1,Gamma,C,1600x1200,1,59630091,59630091.0000
O1,Gamma,C,1600x1200,1,59513298,59513298.0000
O1,Gamma,C,1600x1200,1,59201969,59201969.0000
O1,Gamma,C,1600x1200,1,59182039,59182039.0000
O1,Gamma,C,1600x1200,1,57702191,57702191.0000
O1,Gamma,C,1600x1200,1,58830243,58830243.0000
O1,Gamma,C,1600x1200,1,58822376,58822376.0000
O1,Gamma,C,1600x1200,1,68172221,68172221.0000
O2,Gamma,C,32x16,1,19496,19496.0000
O2,Gamma,C,32x16,1,18667,18667.0000
O2,Gamma,C,32x16,1,18654,18654.0000
O2,Gamma,C,32x16,1,18655,18655.0000
O2,Gamma,C,32x16,1,19254,19254.0000
O2,Gamma,C,32x16,1,19268,19268.0000
O2,Gamma,C,32x16,1,18664,18664.0000
O2,Gamma,C,32x16,1,18568,18568.0000
O2,Gamma,C,32x16,1,18566,18566.0000
O2,Gamma,C,32x16,1,18578,18578.0000
O2,Gamma,C,32x16,1,18669,18669.0000
O2,Gamma,C,32x16,1,18654,18654.0000
O2,Gamma,C,32x16,1,16746,16746.0000
O2,Gamma,C,32x16,1,16993,16993.0000
O2,Gamma,C,32x16,1,16770,16770.0000
O2,Gamma,C,32x16,1,16768,16768.0000
O2,Gamma,C,32x16,1,16705,16705.0000
O2,Gamma,C,32x16,1,16733,16733.0000
O2,Gamma,C,32x16,1,16792,16792.0000
O2,Gamma,C,32x16,1,16796,16796.0000
O2,Gamma,C,32x16,1,15258,15258.0000
O2,Gamma,C,32x16,1,15969,15969.0000
O2,Gamma,C,32x16,1,15223,15223.0000
O2,Gamma,C,32x16,1,15744,15744.0000
O2,Gamma,C,32x16,1,15269,15269.0000
O2,Gamma,C,32x16,1,15277,15277.0000
O2,Gamma,C,32x16,1,15266,15266.0000
O2,Gamma,C,32x16,1,15790,15790.0000
O2,Gamma,C,32x16,1,15263,15263.0000
O2,Gamma,C,32x16,1,14956,14956.0000
O2,Gamma,C,64x32,1,61184,61184.0000
O2,Gamma,C,64x32,1,61032,61032.0000
O2,Gamma,C,64x32,1,61194,61194.0000
O2,Gamma,C,64x32,1,61194,61194.0000
O2,Gamma,C,64x32,1,61492,61492.0000
O2,Gamma,C,64x32,1,61170,61170.0000
O2,Gamma,C,64x32,1,61171,61171.0000
O2,Gamma,C,64x32,1,62419,62419.0000
O2,Gamma,C,64x32,1,61294,61294.0000
O2,Gamma,C,64x32,1,60982,60982.0000
O2,Gamma,C,64x32,1,61168,61168.0000
O2,Gamma,C,64x32,1,60906,60906.0000
O2,Gamma,C,64x32,1,61349,61349.0000
O2,Gamma,C,64x32,1,62450,62450.0000
O2,Gamma,C,64x32,1,60876,60876.0000
O2,Gamma,C,64x32,1,61000,61000.0000
O2,Gamma,C,64x32,1,62125,62125.0000
O2,Gamma,C,64x32,1,60970,60970.0000
O2,Gamma,C,64x32,1,61166,61166.0000
O2,Gamma,C,64x32,1,61632,61632.0000
O2,Gamma,C,64x32,1,61992,61992.0000
O2,Gamma,C,64x32,1,61181,61181.0000
O2,Gamma,C,64x32,1,61093,61093.0000
O2,Gamma,C,64x32,1,62696,62696.0000
O2,Gamma,C,64x32,1,60986,60986.0000
O2,Gamma,C,64x32,1,60988,60988.0000
O2,Gamma,C,64x32,1,61150,61150.0000
O2,Gamma,C,64x32,1,60932,60932.0000
O2,Gamma,C,64x32,1,61115,61115.0000
O2,Gamma,C,64x32,1,60409,60409.0000
O2,Gamma,C,128x64,1,247199,247199.0000
O2,Gamma,C,128x64,1,244761,244761.0000
O2,Gamma,C,128x64,1,250875,250875.0000
O2,Gamma,C,128x64,1,245320,245320.0000
O2,Gamma,C,128x64,1,241641,241641.0000
O2,Gamma,C,128x64,1,245056,245056.0000
O2,Gamma,C,128x64,1,252765,252765.0000
O2,Gamma,C,128x64,1,245292,245292.0000
O2,Gamma,C,128x64,1,242434,242434.0000
O2,Gamma,C,128x64,1,240440,240440.0000
O2,Gamma,C,128x64,1,253372,253372.0000
O2,Gamma,C,128x64,1,247681,247681.0000
O2,Gamma,C,128x64,1,244746,244746.0000
O2,Gamma,C,128x64,1,242222,242222.0000
O2,Gamma,C,128x64,1,240668,240668.0000
O2,Gamma,C,128x64,1,247798,247798.0000
O2,Gamma,C,128x64,1,247900,247900.0000
O2,Gamma,C,128x64,1,242946,242946.0000
O2,Gamma,C,128x64,1,244606,244606.0000
O2,Gamma,C,128x64,1,249761,249761.0000
O2,Gamma,C,128x64,1,244280,244280.0000
O2,Gamma,C,128x64,1,245614,245614.0000
O2,Gamma,C,128x64,1,245288,245288.0000
O2,Gamma,C,128x64,1,250906,250906.0000
O2,Gamma,C,128x64,1,243993,243993.0000
O2,Gamma,C,128x64,1,248199,248199.0000
O2,Gamma,C,128x64,1,244282,244282.0000
O2,Gamma,C,128x64,1,241311,241311.0000
O2,Gamma,C,128x64,1,250859,250859.0000
O2,Gamma,C,128x64,1,245313,245313.0000
O2,Gamma,C,256x128,1,942600,942600.0000
O2,Gamma,C,256x128,1,941866,941866.0000
O2,Gamma,C,256x128,1,964101,964101.0000
O2,Gamma,C,256x128,1,968222,968222.0000
O2,Gamma,C,256x128,1,957133,957133.0000
O2,Gamma,C,256x128,1,964208,964208.0000
O2,Gamma,C,256x128,1,967026,967026.0000
O2,Gamma,C,256x128,1,956877,956877.0000
O2,Gamma,C,256x128,1,939880,939880.0000
O2,Gamma,C,256x128,1,954185,954185.0000
O2,Gamma,C,256x128,1,952678,952678.0000
O2,Gamma,C,256x128,1,959306,959306.0000
O2,Gamma,C,256x128,1,931002,931002.0000
O2,Gamma,C,256x128,1,1004260,1004260.0000
O2,Gamma,C,256x128,1,951957,951957.0000
O2,Gamma,C,256x128,1,950731,950731.0000
O2,Gamma,C,256x128,1,936292,936292.0000
O2,Gamma,C,256x128,1,964952,964952.0000
O2,Gamma,C,256x128,1,983114,983114.0000
O2,Gamma,C,256x128,1,970785,970785.0000
O2,Gamma,C,256x128,1,941408,941408.0000
O2,Gamma,C,256x128,1,936662,936662.0000
O2,Gamma,C,256x128,1,938113,938113.0000
O2,Gamma,C,256x128,1,952203,952203.0000
O2,Gamma,C,256x128,1,962939,962939.0000
O2,Gamma,C,256x128,1,967818,967818.0000
O2,Gamma,C,256x128,1,963540,963540.0000
O2,Gamma,C,256x128,1,947243,947243.0000
O2,Gamma,C,256x128,1,948600,948600.0000
O2,Gamma,C,256x128,1,940211,940211.0000
O2,Gamma,C,400x300,1,3385111,3385111.0000
O2,Gamma,C,400x300,1,3681141,3681141.0000
O2,Gamma,C,400x300,1,3549949,3549949.0000
O2,Gamma,C,400x300,1,3409915,3409915.0000
O2,Gamma,C,400x300,1,3397845,3397845.0000
O2,Gamma,C,400x300,1,3410567,3410567.0000
O2,Gamma,C,400x300,1,3702193,3702193.0000
O2,Gamma,C,400x300,1,3384474,3384474.0000
O2,Gamma,C,400x300,1,3384363,3384363.0000
O2,Gamma,C,400x300,1,3389231,3389231.0000
O2,Gamma,C,400x300,1,3382092,3382092.0000
O2,Gamma,C,400x300,1,3382788,3382788.0000
O2,Gamma,C,400x300,1,3375245,3375245.0000
O2,Gamma,C,400x300,1,3403457,3403457.0000
O2,Gamma,C,400x300,1,3376818,3376818.0000
O2,Gamma,C,400x300,1,3377971,3377971.0000
O2,Gamma,C,400x300,1,3384389,3384389.0000
O2,Gamma,C,400x300,1,3395110,3395110.0000
O2,Gamma,C,400x300,1,3383991,3383991.0000
O2,Gamma,C,400x300,1,3392096,3392096.0000
O2,Gamma,C,400x300,1,3423905,3423905.0000
O2,Gamma,C,400x300,1,3395639,3395639.0000
O2,Gamma,C,400x300,1,3399657,3399657.0000
O2,Gamma,C,400x300,1,3482114,3482114.0000
O2,Gamma,C,400x300,1,3387937,3387937.0000
O2,Gamma,C,400x300,1,3588868,3588868.0000
O2,Gamma,C,400x300,1,3383488,3383488.0000
O2,Gamma,C,400x300,1,3394827,3394827.0000
O2,Gamma,C,400x300,1,3382316,3382316.0000
O2,Gamma,C,400x300,1,3411237,3411237.0000
O2,Gamma,C,512x256,1,3703135,3703135.0000
O2,Gamma,C,512x256,1,3711227,3711227.0000
O2,Gamma,C,512x256,1,3697509,3697509.0000
O2,Gamma,C,512x256,1,3780519,3780519.0000
O2,Gamma,C,512x256,1,4058105,4058105.0000
O2,Gamma,C,512x256,1,3722180,3722180.0000
O2,Gamma,C,512x256,1,3700669,3700669.0000
O2,Gamma,C,512x256,1,3697641,3697641.0000
O2,Gamma,C,512x256,1,3695680,3695680.0000
O2,Gamma,C,512x256,1,3771389,3771389.0000
O2,Gamma,C,512x256,1,3752579,3752579.0000
O2,Gamma,C,512x256,1,3706090,3706090.0000
O2,Gamma,C,512x256,1,3699796,3699796.0000
O2,Gamma,C,512x256,1,3745482,3745482.0000
O2,Gamma,C,512x256,1,3726752,3726752.0000
O2,Gamma,C,512x256,1,3693417,3693417.0000
O2,Gamma,C,512x256,1,3705394,3705394.0000
O2,Gamma,C,512x256,1,3717219,3717219.0000
O2,Gamma,C,512x256,1,3713720,3713720.0000
O2,Gamma,C,512x256,1,4177101,4177101.0000
O2,Gamma,C,512x256,1,3717897,3717897.0000
O2,Gamma,C,512x256,1,3730449,3730449.0000
O2,Gamma,C,512x256,1,3732453,3732453.0000
O2,Gamma,C,512x256,1,3701692,3701692.0000
O2,Gamma,C,512x256,1,3694518,3694518.0000
O2,Gamma,C,512x256,1,3731193,3731193.0000
O2,Gamma,C,512x256,1,3773276,3773276.0000
O2,Gamma,C,512x256,1,3699536,3699536.0000
O2,Gamma,C,512x256,1,3693631,3693631.0000
O2,Gamma,C,512x256,1,3709905,3709905.0000
O2,Gamma,C,800x600,1,13587894,13587894.0000
O2,Gamma,C,800x600,1,14825700,14825700.0000
O2,Gamma,C,800x600,1,13581894,13581894.0000
O2,Gamma,C,800x600,1,21074584,21074584.0000
O2,Gamma,C,800x600,1,13698874,13698874.0000
O2,Gamma,C,800x600,1,13573887,13573887.0000
O2,Gamma,C,800x600,1,13649025,13649025.0000
O2,Gamma,C,800x600,1,13647727,13647727.0000
O2,Gamma,C,800x600,1,13699774,13699774.0000
O2,Gamma,C,800x600,1,13648976,13648976.0000
O2,Gamma,C,800x600,1,13573692,13573692.0000
O2,Gamma,C,800x600,1,13610576,13610576.0000
O2,Gamma,C,800x600,1,13703945,13703945.0000
O2,Gamma,C,800x600,1,13641528,13641528.0000
O2,Gamma,C,800x600,1,13795750,13795750.0000
O2,Gamma,C,800x600,1,13582852,13582852.0000
O2,Gamma,C,800x600,1,13545300,13545300.0000
O2,Gamma,C,800x600,1,13576371,13576371.0000
O2,Gamma,C,800x600,1,13564417,13564417.0000
O2,Gamma,C,800x600,1,13615304,13615304.0000
O2,Gamma,C,800x600,1,13571987,13571987.0000
O2,Gamma,C,800x600,1,13666028,13666028.0000
O2,Gamma,C,800x600,1,13629710,13629710.0000
O2,Gamma,C,800x600,1,13655942,13655942.0000
O2,Gamma,C,800x600,1,13636142,13636142.0000
O2,Gamma,C,800x600,1,13626803,13626803.0000
O2,Gamma,C,800x600,1,13631790,13631790.0000
O2,Gamma,C,800x600,1,13710212,13710212.0000
O2,Gamma,C,800x600,1,13606377,13606377.0000
O2,Gamma,C,800x600,1,13826265,13826265.0000
O2,Gamma,C,1600x1200,1,54310355,54310355.0000
O2,Gamma,C,1600x1200,1,54430556,54430556.0000
O2,Gamma,C,1600x1200,1,54342690,54342690.0000
O2,Gamma,C,1600x1200,1,54325723,54325723.0000
O2,Gamma,C,1600x1200,1,54295605,54295605.0000
O2,Gamma,C,1600x1200,1,54498907,54498907.0000
O2,Gamma,C,1600x1200,1,54380047,54380047.0000
O2,Gamma,C,1600x1200,1,54497963,54497963.0000
O2,Gamma,C,1600x1200,1,54331926,54331926.0000
O2,Gamma,C,1600x1200,1,54538398,54538398.0000
O2,Gamma,C,1600x1200,1,54590628,54590628.0000
O2,Gamma,C,1600x1200,1,54332244,54332244.0000
O2,Gamma,C,1600x1200,1,54541727,54541727.0000
O2,Gamma,C,1600x1200,1,54387994,54387994.0000
O2,Gamma,C,1600x1200,1,54493017,54493017.0000
O2,Gamma,C,1600x1200,1,54416077,54416077.0000
O2,Gamma,C,1600x1200,1,54299108,54299108.0000
O2,Gamma,C,1600x1200,1,54969854,54969854.0000
O2,Gamma,C,1600x1200,1,58630147,58630147.0000
O2,Gamma,C,1600x1200,1,54346878,54346878.0000
O2,Gamma,C,1600x1200,1,54324644,54324644.0000
O2,Gamma,C,1600x1200,1,54334237,54334237.0000
O2,Gamma,C,1600x1200,1,54349852,54349852.0000
O2,Gamma,C,1600x1200,1,54381457,54381457.0000
O2,Gamma,C,1600x1200,1,54332807,54332807.0000
O2,Gamma,C,1600x1200,1,58608069,58608069.0000
O2,Gamma,C,1600x1200,1,58243898,58243898.0000
O2,Gamma,C,1600x1200,1,54317063,54317063.0000
O2,Gamma,C,1600x1200,1,54440641,54440641.0000
O2,Gamma,C,1600x1200,1,54332003,54332003.0000
O3,Gamma,C,32x16,1,15400,15400.0000
O3,Gamma,C,32x16,1,14921,14921.0000
O3,Gamma,C,32x16,1,14950,14950.0000
O3,Gamma,C,32x16,1,15398,15398.0000
O3,Gamma,C,32x16,1,14857,14857.0000
O3,Gamma,C,32x16,1,15400,15400.0000
O3,Gamma,C,32x16,1,15394,15394.0000
O3,Gamma,C,32x16,1,14915,14915.0000
O3,Gamma,C,32x16,1,14905,14905.0000
O3,Gamma,C,32x16,1,14852,14852.0000
O3,Gamma,C,32x16,1,14909,14909.0000
O3,Gamma,C,32x16,1,14853,14853.0000
O3,Gamma,C,32x16,1,14907,14907.0000
O3,Gamma,C,32x16,1,15973,15973.0000
O3,Gamma,C,32x16,1,14857,14857.0000
O3,Gamma,C,32x16,1,14853,14853.0000
O3,Gamma,C,32x16,1,14955,14955.0000
O3,Gamma,C,32x16,1,14927,14927.0000
O3,Gamma,C,32x16,1,14985,14985.0000
O3,Gamma,C,32x16,1,15412,15412.0000
O3,Gamma,C,32x16,1,14909,14909.0000
O3,Gamma,C,32x16,1,14907,14907.0000
O3,Gamma,C,32x16,1,15420,15420.0000
O3,Gamma,C,32x16,1,14909,14909.0000
O3,Gamma,C,32x16,1,14926,14926.0000
O3,Gamma,C,32x16,1,14901,14901.0000
O3,Gamma,C,32x16,1,14907,14907.0000
O3,Gamma,C,32x16,1,14913,14913.0000
O3,Gamma,C,32x16,1,14932,14932.0000
O3,Gamma,C,32x16,1,14917,14917.0000
O3,Gamma,C,64x32,1,60839,60839.0000
O3,Gamma,C,64x32,1,61182,61182.0000
O3,Gamma,C,64x32,1,61922,61922.0000
O3,Gamma,C,64x32,1,60968,60968.0000
O3,Gamma,C,64x32,1,60974,60974.0000
O3,Gamma,C,64x32,1,61550,61550.0000
O3,Gamma,C,64x32,1,61173,61173.0000
O3,Gamma,C,64x32,1,86643,86643.0000
O3,Gamma,C,64x32,1,61166,61166.0000
O3,Gamma,C,64x32,1,60571,60571.0000
O3,Gamma,C,64x32,1,61167,61167.0000
O3,Gamma,C,64x32,1,60699,60699.0000
O3,Gamma,C,64x32,1,73059,73059.0000
O3,Gamma,C,64x32,1,61057,61057.0000
O3,Gamma,C,64x32,1,61664,61664.0000
O3,Gamma,C,64x32,1,62284,62284.0000
O3,Gamma,C,64x32,1,61168,61168.0000
O3,Gamma,C,64x32,1,61172,61172.0000
O3,Gamma,C,64x32,1,61174,61174.0000
O3,Gamma,C,64x32,1,61163,61163.0000
O3,Gamma,C,64x32,1,61843,61843.0000
O3,Gamma,C,64x32,1,61528,61528.0000
O3,Gamma,C,64x32,1,60979,60979.0000
O3,Gamma,C,64x32,1,61526,61526.0000
O3,Gamma,C,64x32,1,60972,60972.0000
O3,Gamma,C,64x32,1,60973,60973.0000
O3,Gamma,C,64x32,1,63686,63686.0000
O3,Gamma,C,64x32,1,61177,61177.0000
O3,Gamma,C,64x32,1,60974,60974.0000
O3,Gamma,C,64x32,1,63028,63028.0000
O3,Gamma,C,128x64,1,240694,240694.0000
O3,Gamma,C,128x64,1,239267,239267.0000
O3,Gamma,C,128x64,1,240108,240108.0000
O3,Gamma,C,128x64,1,253452,253452.0000
O3,Gamma,C,128x64,1,253670,253670.0000
O3,Gamma,C,128x64,1,246450,246450.0000
O3,Gamma,C,128x64,1,246963,246963.0000
O3,Gamma,C,128x64,1,240468,240468.0000
O3,Gamma,C,128x64,1,252744,252744.0000
O3,Gamma,C,128x64,1,244259,244259.0000
O3,Gamma,C,128x64,1,252129,252129.0000
O3,Gamma,C,128x64,1,245226,245226.0000
O3,Gamma,C,128x64,1,245264,245264.0000
O3,Gamma,C,128x64,1,245227,245227.0000
O3,Gamma,C,128x64,1,243874,243874.0000
O3,Gamma,C,128x64,1,249347,249347.0000
O3,Gamma,C,128x64,1,261907,261907.0000
O3,Gamma,C,128x64,1,247188,247188.0000
O3,Gamma,C,128x64,1,239913,239913.0000
O3,Gamma,C,128x64,1,253205,253205.0000
O3,Gamma,C,128x64,1,251745,251745.0000
O3,Gamma,C,128x64,1,244505,244505.0000
O3,Gamma,C,128x64,1,239404,239404.0000
O3,Gamma,C,128x64,1,248619,248619.0000
O3,Gamma,C,128x64,1,241840,241840.0000
O3,Gamma,C,128x64,1,244795,244795.0000
O3,Gamma,C,128x64,1,252179,252179.0000
O3,Gamma,C,128x64,1,244621,244621.0000
O3,Gamma,C,128x64,1,263192,263192.0000
O3,Gamma,C,128x64,1,240040,240040.0000
O3,Gamma,C,256x128,1,932973,932973.0000
O3,Gamma,C,256x128,1,1011540,1011540.0000
O3,Gamma,C,256x128,1,1067685,1067685.0000
O3,Gamma,C,256x128,1,954730,954730.0000
O3,Gamma,C,256x128,1,935321,935321.0000
O3,Gamma,C,256x128,1,948711,948711.0000
O3,Gamma,C,256x128,1,960303,960303.0000
O3,Gamma,C,256x128,1,948653,948653.0000
O3,Gamma,C,256x128,1,959872,959872.0000
O3,Gamma,C,256x128,1,972406,972406.0000
O3,Gamma,C,256x128,1,940442,940442.0000
O3,Gamma,C,256x128,1,936246,936246.0000
O3,Gamma,C,256x128,1,942570,942570.0000
O3,Gamma,C,256x128,1,953694,953694.0000
O3,Gamma,C,256x128,1,976134,976134.0000
O3,Gamma,C,256x128,1,960050,960050.0000
O3,Gamma,C,256x128,1,960929,960929.0000
O3,Gamma,C,256x128,1,940318,940318.0000
O3,Gamma,C,256x128,1,932860,932860.0000
O3,Gamma,C,256x128,1,992901,992901.0000
O3,Gamma,C,256x128,1,942906,942906.0000
O3,Gamma,C,256x128,1,939583,939583.0000
O3,Gamma,C,256x128,1,939474,939474.0000
O3,Gamma,C,256x128,1,950318,950318.0000
O3,Gamma,C,256x128,1,3885290,3885290.0000
O3,Gamma,C,256x128,1,4556909,4556909.0000
O3,Gamma,C,256x128,1,3828558,3828558.0000
O3,Gamma,C,256x128,1,2855194,2855194.0000
O3,Gamma,C,256x128,1,2228104,2228104.0000
O3,Gamma,C,256x128,1,1830237,1830237.0000
O3,Gamma,C,400x300,1,4912847,4912847.0000
O3,Gamma,C,400x300,1,4119482,4119482.0000
O3,Gamma,C,400x300,1,3559292,3559292.0000
O3,Gamma,C,400x300,1,3390643,3390643.0000
O3,Gamma,C,400x300,1,3404215,3404215.0000
O3,Gamma,C,400x300,1,3401652,3401652.0000
O3,Gamma,C,400x300,1,3387966,3387966.0000
O3,Gamma,C,400x300,1,3400512,3400512.0000
O3,Gamma,C,400x300,1,3380668,3380668.0000
O3,Gamma,C,400x300,1,3376432,3376432.0000
O3,Gamma,C,400x300,1,3379160,3379160.0000
O3,Gamma,C,400x300,1,3400924,3400924.0000
O3,Gamma,C,400x300,1,3377347,3377347.0000
O3,Gamma,C,400x300,1,3373469,3373469.0000
O3,Gamma,C,400x300,1,3906979,3906979.0000
O3,Gamma,C,400x300,1,3381330,3381330.0000
O3,Gamma,C,400x300,1,3383025,3383025.0000
O3,Gamma,C,400x300,1,3382533,3382533.0000
O3,Gamma,C,400x300,1,3377443,3377443.0000
O3,Gamma,C,400x300,1,3430311,3430311.0000
O3,Gamma,C,400x300,1,3455343,3455343.0000
O3,Gamma,C,400x300,1,3531764,3531764.0000
O3,Gamma,C,400x300,1,3467995,3467995.0000
O3,Gamma,C,400x300,1,3472670,3472670.0000
O3,Gamma,C,400x300,1,3489182,3489182.0000
O3,Gamma,C,400x300,1,3464440,3464440.0000
O3,Gamma,C,400x300,1,3459494,3459494.0000
O3,Gamma,C,400x300,1,3379270,3379270.0000
O3,Gamma,C,400x300,1,3422920,3422920.0000
O3,Gamma,C,400x300,1,3406617,3406617.0000
O3,Gamma,C,512x256,1,4011213,4011213.0000
O3,Gamma,C,512x256,1,3704579,3704579.0000
O3,Gamma,C,512x256,1,3699494,3699494.0000
O3,Gamma,C,512x256,1,3725541,3725541.0000
O3,Gamma,C,512x256,1,3695533,3695533.0000
O3,Gamma,C,512x256,1,3695763,3695763.0000
O3,Gamma,C,512x256,1,3702091,3702091.0000
O3,Gamma,C,512x256,1,3696199,3696199.0000
O3,Gamma,C,512x256,1,3724961,3724961.0000
O3,Gamma,C,512x256,1,11234053,11234053.0000
O3,Gamma,C,512x256,1,6182982,6182982.0000
O3,Gamma,C,512x256,1,4772409,4772409.0000
O3,Gamma,C,512x256,1,3890206,3890206.0000
O3,Gamma,C,512x256,1,3710025,3710025.0000
O3,Gamma,C,512x256,1,3712557,3712557.0000
O3,Gamma,C,512x256,1,3697064,3697064.0000
O3,Gamma,C,512x256,1,3693928,3693928.0000
O3,Gamma,C,512x256,1,3776544,3776544.0000
O3,Gamma,C,512x256,1,3692498,3692498.0000
O3,Gamma,C,512x256,1,3690721,3690721.0000
O3,Gamma,C,512x256,1,3698548,3698548.0000
O3,Gamma,C,512x256,1,3707920,3707920.0000
O3,Gamma,C,512x256,1,3698639,3698639.0000
O3,Gamma,C,512x256,1,3726854,3726854.0000
O3,Gamma,C,512x256,1,4011637,4011637.0000
O3,Gamma,C,512x256,1,3705953,3705953.0000
O3,Gamma,C,512x256,1,3708558,3708558.0000
O3,Gamma,C,512x256,1,3692773,3692773.0000
O3,Gamma,C,512x256,1,15396241,15396241.0000
O3,Gamma,C,512x256,1,7439541,7439541.0000
O3,Gamma,C,800x600,1,14226966,14226966.0000
O3,Gamma,C,800x600,1,13709138,13709138.0000
O3,Gamma,C,800x600,1,13613039,13613039.0000
O3,Gamma,C,800x600,1,13595991,13595991.0000
O3,Gamma,C,800x600,1,13607692,13607692.0000
O3,Gamma,C,800x600,1,13582617,13582617.0000
O3,Gamma,C,800x600,1,22038802,22038802.0000
O3,Gamma,C,800x600,1,13720979,13720979.0000
O3,Gamma,C,800x600,1,13569074,13569074.0000
O3,Gamma,C,800x600,1,13684897,13684897.0000
O3,Gamma,C,800x600,1,13578556,13578556.0000
O3,Gamma,C,800x600,1,19133120,19133120.0000
O3,Gamma,C,800x600,1,13924744,13924744.0000
O3,Gamma,C,800x600,1,13636938,13636938.0000
O3,Gamma,C,800x600,1,13651038,13651038.0000
O3,Gamma,C,800x600,1,13618424,13618424.0000
O3,Gamma,C,800x600,1,15725980,15725980.0000
O3,Gamma,C,800x600,1,13584860,13584860.0000
O3,Gamma,C,800x600,1,13608505,13608505.0000
O3,Gamma,C,800x600,1,13600992,13600992.0000
O3,Gamma,C,800x600,1,13609778,13609778.0000
O3,Gamma,C,800x600,1,14347821,14347821.0000
O3,Gamma,C,800x600,1,13592429,13592429.0000
O3,Gamma,C,800x600,1,13635141,13635141.0000
O3,Gamma,C,800x600,1,13628515,13628515.0000
O3,Gamma,C,800x600,1,13577772,13577772.0000
O3,Gamma,C,800x600,1,17134757,17134757.0000
O3,Gamma,C,800x600,1,13945838,13945838.0000
O3,Gamma,C,800x600,1,13573710,13573710.0000
O3,Gamma,C,800x600,1,13633745,13633745.0000
O3,Gamma,C,1600x1200,1,56366319,56366319.0000
O3,Gamma,C,1600x1200,1,54409058,54409058.0000
O3,Gamma,C,1600x1200,1,54474570,54474570.0000
O3,Gamma,C,1600x1200,1,54352389,54352389.0000
O3,Gamma,C,1600x1200,1,54383264,54383264.0000
O3,Gamma,C,1600x1200,1,54684999,54684999.0000
O3,Gamma,C,1600x1200,1,54362312,54362312.0000
O3,Gamma,C,1600x1200,1,55010669,55010669.0000
O3,Gamma,C,1600x1200,1,54444944,54444944.0000
O3,Gamma,C,1600x1200,1,59044803,59044803.0000
O3,Gamma,C,1600x1200,1,54325940,54325940.0000
O3,Gamma,C,1600x1200,1,54384664,54384664.0000
O3,Gamma,C,1600x1200,1,55368156,55368156.0000
O3,Gamma,C,1600x1200,1,54503086,54503086.0000
O3,Gamma,C,1600x1200,1,54390646,54390646.0000
O3,Gamma,C,1600x1200,1,59180671,59180671.0000
O3,Gamma,C,1600x1200,1,54371424,54371424.0000
O3,Gamma,C,1600x1200,1,54379782,54379782.0000
O3,Gamma,C,1600x1200,1,54347642,54347642.0000
O3,Gamma,C,1600x1200,1,54711322,54711322.0000
O3,Gamma,C,1600x1200,1,55058811,55058811.0000
O3,Gamma,C,1600x1200,1,54444184,54444184.0000
O3,Gamma,C,1600x1200,1,54347797,54347797.0000
O3,Gamma,C,1600x1200,1,54626334,54626334.0000
O3,Gamma,C,1600x1200,1,54442076,54442076.0000
O3,Gamma,C,1600x1200,1,54413212,54413212.0000
O3,Gamma,C,1600x1200,1,54318437,54318437.0000
O3,Gamma,C,1600x1200,1,55628534,55628534.0000
O3,Gamma,C,1600x1200,1,54453151,54453151.0000
O3,Gamma,C,1600x1200,1,57082540,57082540.0000
Ofast,Gamma,C,32x16,1,24045,24045.0000
Ofast,Gamma,C,32x16,1,27870,27870.0000
Ofast,Gamma,C,32x16,1,39005,39005.0000
Ofast,Gamma,C,32x16,1,37613,37613.0000
Ofast,Gamma,C,32x16,1,38457,38457.0000
Ofast,Gamma,C,32x16,1,38226,38226.0000
Ofast,Gamma,C,32x16,1,40835,40835.0000
Ofast,Gamma,C,32x16,1,38058,38058.0000
Ofast,Gamma,C,32x16,1,42843,42843.0000
Ofast,Gamma,C,32x16,1,38460,38460.0000
Ofast,Gamma,C,32x16,1,38934,38934.0000
Ofast,Gamma,C,32x16,1,37983,37983.0000
Ofast,Gamma,C,32x16,1,38015,38015.0000
Ofast,Gamma,C,32x16,1,38023,38023.0000
Ofast,Gamma,C,32x16,1,43261,43261.0000
Ofast,Gamma,C,32x16,1,38142,38142.0000
Ofast,Gamma,C,32x16,1,37899,37899.0000
Ofast,Gamma,C,32x16,1,37824,37824.0000
Ofast,Gamma,C,32x16,1,29762,29762.0000
Ofast,Gamma,C,32x16,1,27846,27846.0000
Ofast,Gamma,C,32x16,1,27899,27899.0000
Ofast,Gamma,C,32x16,1,22143,22143.0000
Ofast,Gamma,C,32x16,1,22066,22066.0000
Ofast,Gamma,C,32x16,1,22324,22324.0000
Ofast,Gamma,C,32x16,1,21847,21847.0000
Ofast,Gamma,C,32x16,1,21652,21652.0000
Ofast,Gamma,C,32x16,1,18025,18025.0000
Ofast,Gamma,C,32x16,1,18242,18242.0000
Ofast,Gamma,C,32x16,1,55338,55338.0000
Ofast,Gamma,C,32x16,1,18141,18141.0000
Ofast,Gamma,C,64x32,1,59565,59565.0000
Ofast,Gamma,C,64x32,1,50633,50633.0000
Ofast,Gamma,C,64x32,1,50810,50810.0000
Ofast,Gamma,C,64x32,1,51088,51088.0000
Ofast,Gamma,C,64x32,1,75166,75166.0000
Ofast,Gamma,C,64x32,1,50557,50557.0000
Ofast,Gamma,C,64x32,1,44170,44170.0000
Ofast,Gamma,C,64x32,1,44111,44111.0000
Ofast,Gamma,C,64x32,1,44042,44042.0000
Ofast,Gamma,C,64x32,1,44170,44170.0000
Ofast,Gamma,C,64x32,1,44235,44235.0000
Ofast,Gamma,C,64x32,1,44152,44152.0000
Ofast,Gamma,C,64x32,1,39267,39267.0000
Ofast,Gamma,C,64x32,1,39351,39351.0000
Ofast,Gamma,C,64x32,1,39196,39196.0000
Ofast,Gamma,C,64x32,1,39190,39190.0000
Ofast,Gamma,C,64x32,1,42985,42985.0000
Ofast,Gamma,C,64x32,1,39276,39276.0000
Ofast,Gamma,C,64x32,1,39419,39419.0000
Ofast,Gamma,C,64x32,1,35197,35197.0000
Ofast,Gamma,C,64x32,1,35193,35193.0000
Ofast,Gamma,C,64x32,1,35268,35268.0000
Ofast,Gamma,C,64x32,1,41023,41023.0000
Ofast,Gamma,C,64x32,1,43853,43853.0000
Ofast,Gamma,C,64x32,1,35949,35949.0000
Ofast,Gamma,C,64x32,1,35488,35488.0000
Ofast,Gamma,C,64x32,1,32330,32330.0000
Ofast,Gamma,C,64x32,1,32618,32618.0000
Ofast,Gamma,C,64x32,1,32580,32580.0000
Ofast,Gamma,C,64x32,1,34931,34931.0000
Ofast,Gamma,C,128x64,1,118286,118286.0000
Ofast,Gamma,C,128x64,1,118061,118061.0000
Ofast,Gamma,C,128x64,1,115180,115180.0000
Ofast,Gamma,C,128x64,1,114163,114163.0000
Ofast,Gamma,C,128x64,1,112066,112066.0000
Ofast,Gamma,C,128x64,1,111977,111977.0000
Ofast,Gamma,C,128x64,1,126354,126354.0000
Ofast,Gamma,C,128x64,1,127700,127700.0000
Ofast,Gamma,C,128x64,1,113163,113163.0000
Ofast,Gamma,C,128x64,1,115154,115154.0000
Ofast,Gamma,C,128x64,1,113193,113193.0000
Ofast,Gamma,C,128x64,1,112573,112573.0000
Ofast,Gamma,C,128x64,1,112396,112396.0000
Ofast,Gamma,C,128x64,1,112503,112503.0000
Ofast,Gamma,C,128x64,1,113925,113925.0000
Ofast,Gamma,C,128x64,1,111739,111739.0000
Ofast,Gamma,C,128x64,1,111886,111886.0000
Ofast,Gamma,C,128x64,1,137009,137009.0000
Ofast,Gamma,C,128x64,1,111547,111547.0000
Ofast,Gamma,C,128x64,1,130033,130033.0000
Ofast,Gamma,C,128x64,1,112419,112419.0000
Ofast,Gamma,C,128x64,1,112799,112799.0000
Ofast,Gamma,C,128x64,1,112561,112561.0000
Ofast,Gamma,C,128x64,1,112392,112392.0000
Ofast,Gamma,C,128x64,1,112253,112253.0000
Ofast,Gamma,C,128x64,1,112183,112183.0000
Ofast,Gamma,C,128x64,1,111405,111405.0000
Ofast,Gamma,C,128x64,1,111654,111654.0000
Ofast,Gamma,C,128x64,1,112223,112223.0000
Ofast,Gamma,C,128x64,1,111823,111823.0000
Ofast,Gamma,C,256x128,1,428086,428086.0000
Ofast,Gamma,C,256x128,1,422199,422199.0000
Ofast,Gamma,C,256x128,1,422232,422232.0000
Ofast,Gamma,C,256x128,1,421977,421977.0000
Ofast,Gamma,C,256x128,1,423277,423277.0000
Ofast,Gamma,C,256x128,1,423502,423502.0000
Ofast,Gamma,C,256x128,1,422211,422211.0000
Ofast,Gamma,C,256x128,1,421854,421854.0000
Ofast,Gamma,C,256x128,1,422003,422003.0000
Ofast,Gamma,C,256x128,1,430304,430304.0000
Ofast,Gamma,C,256x128,1,520577,520577.0000
Ofast,Gamma,C,256x128,1,424996,424996.0000
Ofast,Gamma,C,256x128,1,421772,421772.0000
Ofast,Gamma,C,256x128,1,422762,422762.0000
Ofast,Gamma,C,256x128,1,429961,429961.0000
Ofast,Gamma,C,256x128,1,422047,422047.0000
Ofast,Gamma,C,256x128,1,421981,421981.0000
Ofast,Gamma,C,256x128,1,430009,430009.0000
Ofast,Gamma,C,256x128,1,422424,422424.0000
Ofast,Gamma,C,256x128,1,421867,421867.0000
Ofast,Gamma,C,256x128,1,422116,422116.0000
Ofast,Gamma,C,256x128,1,421778,421778.0000
Ofast,Gamma,C,256x128,1,430284,430284.0000
Ofast,Gamma,C,256x128,1,430116,430116.0000
Ofast,Gamma,C,256x128,1,431131,431131.0000
Ofast,Gamma,C,256x128,1,422232,422232.0000
Ofast,Gamma,C,256x128,1,421686,421686.0000
Ofast,Gamma,C,256x128,1,421981,421981.0000
Ofast,Gamma,C,256x128,1,421819,421819.0000
Ofast,Gamma,C,256x128,1,422056,422056.0000
Ofast,Gamma,C,400x300,1,1509808,1509808.0000
Ofast,Gamma,C,400x300,1,1506771,1506771.0000
Ofast,Gamma,C,400x300,1,1514876,1514876.0000
Ofast,Gamma,C,400x300,1,1738068,1738068.0000
Ofast,Gamma,C,400x300,1,1524389,1524389.0000
Ofast,Gamma,C,400x300,1,1580049,1580049.0000
Ofast,Gamma,C,400x300,1,1529500,1529500.0000
Ofast,Gamma,C,400x300,1,1519322,1519322.0000
Ofast,Gamma,C,400x300,1,1525129,1525129.0000
Ofast,Gamma,C,400x300,1,1520634,1520634.0000
Ofast,Gamma,C,400x300,1,1553346,1553346.0000
Ofast,Gamma,C,400x300,1,1515492,1515492.0000
Ofast,Gamma,C,400x300,1,2878374,2878374.0000
Ofast,Gamma,C,400x300,1,2213897,2213897.0000
Ofast,Gamma,C,400x300,1,1786362,1786362.0000
Ofast,Gamma,C,400x300,1,1594489,1594489.0000
Ofast,Gamma,C,400x300,1,1528911,1528911.0000
Ofast,Gamma,C,400x300,1,1513661,1513661.0000
Ofast,Gamma,C,400x300,1,1531114,1531114.0000
Ofast,Gamma,C,400x300,1,1513048,1513048.0000
Ofast,Gamma,C,400x300,1,1503504,1503504.0000
Ofast,Gamma,C,400x300,1,1514190,1514190.0000
Ofast,Gamma,C,400x300,1,1503310,1503310.0000
Ofast,Gamma,C,400x300,1,1501705,1501705.0000
Ofast,Gamma,C,400x300,1,1508470,1508470.0000
Ofast,Gamma,C,400x300,1,1507196,1507196.0000
Ofast,Gamma,C,400x300,1,1505534,1505534.0000
Ofast,Gamma,C,400x300,1,1516133,1516133.0000
Ofast,Gamma,C,400x300,1,1559709,1559709.0000
Ofast,Gamma,C,400x300,1,1514635,1514635.0000
Ofast,Gamma,C,512x256,1,1662550,1662550.0000
Ofast,Gamma,C,512x256,1,1673418,1673418.0000
Ofast,Gamma,C,512x256,1,2264754,2264754.0000
Ofast,Gamma,C,512x256,1,2264355,2264355.0000
Ofast,Gamma,C,512x256,1,2259141,2259141.0000
Ofast,Gamma,C,512x256,1,2584217,2584217.0000
Ofast,Gamma,C,512x256,1,2270732,2270732.0000
Ofast,Gamma,C,512x256,1,2265267,2265267.0000
Ofast,Gamma,C,512x256,1,1826408,1826408.0000
Ofast,Gamma,C,512x256,1,1682647,1682647.0000
Ofast,Gamma,C,512x256,1,1681008,1681008.0000
Ofast,Gamma,C,512x256,1,1663632,1663632.0000
Ofast,Gamma,C,512x256,1,1661269,1661269.0000
Ofast,Gamma,C,512x256,1,1660366,1660366.0000
Ofast,Gamma,C,512x256,1,1670470,1670470.0000
Ofast,Gamma,C,512x256,1,1816886,1816886.0000
Ofast,Gamma,C,512x256,1,1665179,1665179.0000
Ofast,Gamma,C,512x256,1,1673165,1673165.0000
Ofast,Gamma,C,512x256,1,1664710,1664710.0000
Ofast,Gamma,C,512x256,1,1674719,1674719.0000
Ofast,Gamma,C,512x256,1,6792557,6792557.0000
Ofast,Gamma,C,512x256,1,3264317,3264317.0000
Ofast,Gamma,C,512x256,1,2403432,2403432.0000
Ofast,Gamma,C,512x256,1,1974049,1974049.0000
Ofast,Gamma,C,512x256,1,1791871,1791871.0000
Ofast,Gamma,C,512x256,1,1666209,1666209.0000
Ofast,Gamma,C,512x256,1,1668649,1668649.0000
Ofast,Gamma,C,512x256,1,1669896,1669896.0000
Ofast,Gamma,C,512x256,1,1648292,1648292.0000
Ofast,Gamma,C,512x256,1,1713561,1713561.0000
Ofast,Gamma,C,800x600,1,6146853,6146853.0000
Ofast,Gamma,C,800x600,1,6096356,6096356.0000
Ofast,Gamma,C,800x600,1,6145702,6145702.0000
Ofast,Gamma,C,800x600,1,6131410,6131410.0000
Ofast,Gamma,C,800x600,1,8722903,8722903.0000
Ofast,Gamma,C,800x600,1,6093296,6093296.0000
Ofast,Gamma,C,800x600,1,6168384,6168384.0000
Ofast,Gamma,C,800x600,1,6206367,6206367.0000
Ofast,Gamma,C,800x600,1,6703283,6703283.0000
Ofast,Gamma,C,800x600,1,9067331,9067331.0000
Ofast,Gamma,C,800x600,1,6124596,6124596.0000
Ofast,Gamma,C,800x600,1,6034537,6034537.0000
Ofast,Gamma,C,800x600,1,6116003,6116003.0000
Ofast,Gamma,C,800x600,1,6189669,6189669.0000
Ofast,Gamma,C,800x600,1,6172566,6172566.0000
Ofast,Gamma,C,800x600,1,6035142,6035142.0000
Ofast,Gamma,C,800x600,1,6101610,6101610.0000
Ofast,Gamma,C,800x600,1,6909482,6909482.0000
Ofast,Gamma,C,800x600,1,6043802,6043802.0000
Ofast,Gamma,C,800x600,1,7667249,7667249.0000
Ofast,Gamma,C,800x600,1,6090776,6090776.0000
Ofast,Gamma,C,800x600,1,6268577,6268577.0000
Ofast,Gamma,C,800x600,1,6104271,6104271.0000
Ofast,Gamma,C,800x600,1,6049955,6049955.0000
Ofast,Gamma,C,800x600,1,9972172,9972172.0000
Ofast,Gamma,C,800x600,1,6145017,6145017.0000
Ofast,Gamma,C,800x600,1,6095048,6095048.0000
Ofast,Gamma,C,800x600,1,6076895,6076895.0000
Ofast,Gamma,C,800x600,1,6107784,6107784.0000
Ofast,Gamma,C,800x600,1,9135183,9135183.0000
Ofast,Gamma,C,1600x1200,1,24592140,24592140.0000
Ofast,Gamma,C,1600x1200,1,24455516,24455516.0000
Ofast,Gamma,C,1600x1200,1,24140102,24140102.0000
Ofast,Gamma,C,1600x1200,1,29786064,29786064.0000
Ofast,Gamma,C,1600x1200,1,24141894,24141894.0000
Ofast,Gamma,C,1600x1200,1,24111313,24111313.0000
Ofast,Gamma,C,1600x1200,1,26781690,26781690.0000
Ofast,Gamma,C,1600x1200,1,25101415,25101415.0000
Ofast,Gamma,C,1600x1200,1,24280094,24280094.0000
Ofast,Gamma,C,1600x1200,1,24169376,24169376.0000
Ofast,Gamma,C,1600x1200,1,24160882,24160882.0000
Ofast,Gamma,C,1600x1200,1,24190067,24190067.0000
Ofast,Gamma,C,1600x1200,1,27121333,27121333.0000
Ofast,Gamma,C,1600x1200,1,24188071,24188071.0000
Ofast,Gamma,C,1600x1200,1,24276933,24276933.0000
Ofast,Gamma,C,1600x1200,1,24252100,24252100.0000
Ofast,Gamma,C,1600x1200,1,24163389,24163389.0000
Ofast,Gamma,C,1600x1200,1,24151603,24151603.0000
Ofast,Gamma,C,1600x1200,1,24188415,24188415.0000
Ofast,Gamma,C,1600x1200,1,24665614,24665614.0000
Ofast,Gamma,C,1600x1200,1,24364244,24364244.0000
Ofast,Gamma,C,1600x1200,1,24334311,24334311.0000
Ofast,Gamma,C,1600x1200,1,24127212,24127212.0000
Ofast,Gamma,C,1600x1200,1,24127524,24127524.0000
Ofast,Gamma,C,1600x1200,1,24134976,24134976.0000
Ofast,Gamma,C,1600x1200,1,24161910,24161910.0000
Ofast,Gamma,C,1600x1200,1,24219105,24219105.0000
Ofast,Gamma,C,1600x1200,1,24118564,24118564.0000
Ofast,Gamma,C,1600x1200,1,24147759,24147759.0000
Ofast,Gamma,C,1600x1200,1,24153402,24153402.0000
